{"cameraMode":{"drawMode":0,"name":"Shaded","section":"Shading Mode"},"sceneLighting":false,"audioPlay":false,"sceneViewState":{"showFog":true,"showMaterialUpdate":false,"showSkybox":false,"showFlares":true,"showImageEffects":true,"showParticleSystems":true},"in2DMode":false,"pivot":{"x":211.65663146972657,"y":1.1106338500976563,"z":157.2593994140625},"rotation":{"x":0.18486344814300538,"y":0.6997997760772705,"z":-0.19548261165618897,"w":0.661774218082428},"size":0.8633399605751038,"orthographic":false}