{"cameraMode":{"drawMode":0,"name":"Shaded","section":"Shading Mode"},"sceneLighting":false,"audioPlay":false,"sceneViewState":{"showFog":true,"showMaterialUpdate":false,"showSkybox":false,"showFlares":true,"showImageEffects":true,"showParticleSystems":true},"in2DMode":false,"pivot":{"x":-1.932639479637146,"y":1.5144623517990113,"z":1.4578628540039063},"rotation":{"x":-0.139114111661911,"y":0.3095739185810089,"z":-0.045838188380002978,"w":-0.9395287036895752},"size":3.6966378688812258,"orthographic":false}